{
	 "rootnode": {
		 "name": "<STL_BINARY>"
		,"transformation": [
			 1
			,0
			,0
			,0
			,0
			,1
			,0
			,0
			,0
			,0
			,1
			,0
			,0
			,0
			,0
			,1
		]
		,"meshes": [
			 0
		]
	}
	,"flags": 8
	,"meshes": [
		{
			 "name": ""
			,"materialindex": 0
			,"primitivetypes": 4
			,"vertices": [
				 20.721
				,44.3856
				,-148.236
				,46.1158
				,4.86365
				,-96.5895
				,-30.531
				,-44.3856
				,-148.236
				,-46.3471
				,16.9914
				,148.236
				,-40.4832
				,36.8913
				,-93.0681
				,-30.531
				,-44.3856
				,-148.236
				,-46.3471
				,16.9914
				,148.236
				,-30.531
				,-44.3856
				,-148.236
				,46.3471
				,7.15256e-007
				,49.4121
				,-46.3471
				,16.9914
				,148.236
				,-30.531
				,44.3856
				,148.236
				,-40.4832
				,36.8913
				,-93.0681
				,-40.4832
				,36.8913
				,-93.0681
				,20.721
				,44.3856
				,-148.236
				,-30.531
				,-44.3856
				,-148.236
				,-30.531
				,44.3856
				,148.236
				,46.3471
				,7.15256e-007
				,49.4121
				,46.1158
				,4.86365
				,-96.5895
				,46.3471
				,7.15256e-007
				,49.4121
				,-30.531
				,-44.3856
				,-148.236
				,46.1158
				,4.86365
				,-96.5895
				,-30.531
				,44.3856
				,148.236
				,-46.3471
				,16.9914
				,148.236
				,46.3471
				,7.15256e-007
				,49.4121
				,46.1158
				,4.86365
				,-96.5895
				,-40.4832
				,36.8913
				,-93.0681
				,-30.531
				,44.3856
				,148.236
				,46.1158
				,4.86365
				,-96.5895
				,20.721
				,44.3856
				,-148.236
				,-40.4832
				,36.8913
				,-93.0681
			]
			,"normals": [
				 0.67347
				,-0.388828
				,-0.62869
				,0.67347
				,-0.388828
				,-0.62869
				,0.67347
				,-0.388828
				,-0.62869
				,-0.994482
				,-0.0997829
				,-0.0323956
				,-0.994482
				,-0.0997829
				,-0.0323956
				,-0.994482
				,-0.0997829
				,-0.0323956
				,0.0387961
				,-0.978086
				,0.204557
				,0.0387961
				,-0.978086
				,0.204557
				,0.0387961
				,-0.978086
				,0.204557
				,-0.865849
				,0.499898
				,0.0201848
				,-0.865849
				,0.499898
				,0.0201848
				,-0.865849
				,0.499898
				,0.0201848
				,-0.646001
				,0.372969
				,-0.666015
				,-0.646001
				,0.372969
				,-0.666015
				,-0.646001
				,0.372969
				,-0.666015
				,0.526072
				,0.849996
				,0.0274819
				,0.526072
				,0.849996
				,0.0274819
				,0.526072
				,0.849996
				,0.0274819
				,0.553919
				,-0.832079
				,-0.028596
				,0.553919
				,-0.832079
				,-0.028596
				,0.553919
				,-0.832079
				,-0.028596
				,0.644264
				,-0.371966
				,0.668255
				,0.644264
				,-0.371966
				,0.668255
				,0.644264
				,-0.371966
				,0.668255
				,0.344998
				,0.937602
				,-0.0433485
				,0.344998
				,0.937602
				,-0.0433485
				,0.344998
				,0.937602
				,-0.0433485
				,0.322943
				,0.821537
				,0.469878
				,0.322943
				,0.821537
				,0.469878
				,0.322943
				,0.821537
				,0.469878
			]
			,"faces": [
				[
					 0
					,1
					,2
				]
				,[
					 3
					,4
					,5
				]
				,[
					 6
					,7
					,8
				]
				,[
					 9
					,10
					,11
				]
				,[
					 12
					,13
					,14
				]
				,[
					 15
					,16
					,17
				]
				,[
					 18
					,19
					,20
				]
				,[
					 21
					,22
					,23
				]
				,[
					 24
					,25
					,26
				]
				,[
					 27
					,28
					,29
				]
			]
		}
	]
	,"materials": [
		{
			 "properties": [
				{
					 "key": "?mat.name"
					,"semantic": 0
					,"index": 0
					,"type": 3
					,"value": "DefaultMaterial"
				}
				,{
					 "key": "$clr.diffuse"
					,"semantic": 0
					,"index": 0
					,"type": 1
					,"value": [
						 1
						,1
						,1
						,1
					]
				}
				,{
					 "key": "$clr.specular"
					,"semantic": 0
					,"index": 0
					,"type": 1
					,"value": [
						 1
						,1
						,1
						,1
					]
				}
				,{
					 "key": "$clr.ambient"
					,"semantic": 0
					,"index": 0
					,"type": 1
					,"value": [
						 0.9
						,0.9
						,0.9
						,1
					]
				}
			]
		}
	]
}
